<?xml version="1.0" encoding="UTF-8"?>
<metadata xml:lang="zh"><Esri><CreaDate>20250218</CreaDate><CreaTime>13402700</CreaTime><ArcGISFormat>1.0</ArcGISFormat><SyncOnce>TRUE</SyncOnce><DataProperties><itemProps><itemLocation><linkage Sync="TRUE">file://\\LAPTOP-MINQOQ21\E$\graudate\winter2025\MyProject5\shpforwebsite\bike_sharing</linkage><protocol Sync="TRUE">Local Area Network</protocol></itemLocation></itemProps><copyHistory><copy source="E:\graudate\winter2025\MyProject5\f2\bike_sharing" dest="\\LAPTOP-MINQOQ21\E$\graudate\winter2025\MyProject5\shpforwebsite\bike_sharing" date="20250218" time="13402700"></copy></copyHistory><lineage><Process ToolSource="d:\arcgispro\Resources\ArcToolbox\toolboxes\Data Management Tools.tbx\Copy" Date="20250218" Time="134027">Copy E:\graudate\winter2025\MyProject5\f2\bike_sharing.shp E:\graudate\winter2025\MyProject5\shpforwebsite\bike_sharing.shp Shapefile #</Process></lineage></DataProperties></Esri></metadata>
