<?xml version="1.0" encoding="UTF-8"?>
<metadata xml:lang="zh"><Esri><CreaDate>20250218</CreaDate><CreaTime>13400100</CreaTime><ArcGISFormat>1.0</ArcGISFormat><SyncOnce>TRUE</SyncOnce><DataProperties><itemProps><itemLocation><linkage Sync="TRUE">file://\\LAPTOP-MINQOQ21\E$\graudate\winter2025\MyProject5\shpforwebsite\detroit_parking</linkage><protocol Sync="TRUE">Local Area Network</protocol></itemLocation></itemProps><copyHistory><copy source="E:\graudate\winter2025\MyProject5\drive-download-20250217T020515Z-001\detroit_parking" dest="\\LAPTOP-MINQOQ21\E$\graudate\winter2025\MyProject5\shpforwebsite\detroit_parking" date="20250218" time="13400100"></copy></copyHistory><lineage><Process ToolSource="d:\arcgispro\Resources\ArcToolbox\toolboxes\Data Management Tools.tbx\Copy" Date="20250218" Time="134001">Copy E:\graudate\winter2025\MyProject5\drive-download-20250217T020515Z-001\detroit_parking.shp E:\graudate\winter2025\MyProject5\shpforwebsite\detroit_parking.shp Shapefile #</Process></lineage></DataProperties></Esri></metadata>
